player_id,player_name,year,affiliation
19,Karl-Anthony Towns,,Undrafted
37,Christian Wood,,Undrafted
46,Fred VanVleet,,Undrafted
76,Elijah Bryant,,Undrafted
94,Kendrick Nunn,,Undrafted
104,Luguentz Dort,,Undrafted
107,Chris Boucher,,Undrafted
119,Duncan Robinson,,Undrafted
134,Seth Curry,,Undrafted
143,Joe Ingles,,Undrafted
155,Jae'Sean Tate,,Undrafted
158,Naz Reid,,Undrafted
160,Armoni Brooks,,Undrafted
168,Oshae Brissett,,Undrafted
170,Cameron Oliver,,Undrafted
174,Justin Holiday,,Undrafted
185,Bryn Forbes,,Undrafted
187,Dorian Finney-Smith,,Undrafted
192,Daniel Theis,,Undrafted
206,David Nwaba,,Undrafted
218,Danuel House Jr.,,Undrafted
222,Terence Davis,,Undrafted
225,T.J. McConnell,,Undrafted
226,Moses Brown,,Undrafted
229,Robert Covington,,Undrafted
233,Gabriel Deck,,Undrafted
240,JaMychal Green,,Undrafted
245,Kenrich Williams,,Undrafted
253,PJ Dozier,,Undrafted
254,Mike James,,Undrafted
255,Naji Marshall,,Undrafted
260,Garrett Temple,,Undrafted
271,Louis King,,Undrafted
277,Khem Birch,,Undrafted
278,Kent Bazemore,,Undrafted
280,Dewayne Dedmon,,Undrafted
281,Maxi Kleber,,Undrafted
286,Royce O'Neale,,Undrafted
292,Derrick Jones Jr.,,Undrafted
298,Ish Smith,,Undrafted
310,Damion Lee,,Undrafted
313,Chasson Randle,,Undrafted
315,Alex Caruso,,Undrafted
322,Robert Franks,,Undrafted
323,Aron Baynes,,Undrafted
324,Jaylen Hoard,,Undrafted
325,Facundo Campazzo,,Undrafted
326,Max Strus,,Undrafted
327,Dakota Mathias,,Undrafted
328,Dean Wade,,Undrafted
330,Drew Eubanks,,Undrafted
333,Rodney McGruder,,Undrafted
334,Juan Toscano-Anderson,,Undrafted
335,Mychal Mulder,,Undrafted
336,Donta Hall,,Undrafted
337,Yogi Ferrell,,Undrafted
339,Freddie Gillespie,,Undrafted
340,Anthony Lamb,,Undrafted
342,Garrison Mathews,,Undrafted
343,Brad Wanamaker,,Undrafted
345,Torrey Craig,,Undrafted
348,Tyler Johnson,,Undrafted
358,Mason Jones,,Undrafted
370,Jordan McLaughlin,,Undrafted
374,Caleb Martin,,Undrafted
377,Tyler Cook,,Undrafted
378,Brandon Goodwin,,Undrafted
379,Gabe Vincent,,Undrafted
380,Wesley Matthews,,Undrafted
381,Langston Galloway,,Undrafted
384,Boban Marjanovic,,Undrafted
388,JaKarr Sampson,,Undrafted
391,Kelan Martin,,Undrafted
394,Charlie Brown Jr.,,Undrafted
398,Yuta Watanabe,,Undrafted
400,John Konchar,,Undrafted
401,Devin Cannady,,Undrafted
404,Lamar Stevens,,Undrafted
406,Paul Watson,,Undrafted
408,DaQuan Jeffries,,Undrafted
409,Josh Hall,,Undrafted
412,Chris Chiozza,,Undrafted
414,Udonis Haslem,,Undrafted
418,Brodric Thomas,,Undrafted
424,Nathan Knight,,Undrafted
430,Javonte Green,,Undrafted
431,Wenyen Gabriel,,Undrafted
432,Luke Kornet,,Undrafted
435,Quinn Cook,,Undrafted
437,Amir Coffey,,Undrafted
438,Killian Tillie,,Undrafted
439,Mamadi Diakite,,Undrafted
440,Alfonzo McKinnie,,Undrafted
442,Ryan Arcidiacono,,Undrafted
443,Matt Thomas,,Undrafted
444,Anthony Gill,,Undrafted
446,Gary Clark,,Undrafted
447,Cam Reynolds,,Undrafted
449,Nicolo Melli,,Undrafted
451,Trent Forrest,,Undrafted
454,Markus Howard,,Undrafted
457,Matthew Dellavedova,,Undrafted
461,Amida Brimah,,Undrafted
466,Gary Payton II,,Undrafted
469,Tacko Fall,,Undrafted
471,Jeremiah Martin,,Undrafted
473,Rayjon Tucker,,Undrafted
476,Justin Robinson,,Undrafted
480,Sean McDermott,,Undrafted
482,Shaquille Harrison,,Undrafted
483,Chris Silva,,Undrafted
484,Devon Dotson,,Undrafted
488,Jontay Porter,,Undrafted
491,Nate Hinton,,Undrafted
493,Devontae Cacok,,Undrafted
499,Axel Toupane,,Undrafted
502,James Nunnally,,Undrafted
503,Tim Frazier,,Undrafted
504,Anthony Tolliver,,Undrafted
506,Norvel Pelle,,Undrafted
510,Nate Darling,,Undrafted
511,Cristiano Felicio,,Undrafted
512,Jalen Lecque,,Undrafted
514,Juwan Morgan,,Undrafted
516,Marques Bolden,,Undrafted
517,Karim Mane,,Undrafted
518,Adam Mokoka,,Undrafted
521,Malik Fitts,,Undrafted
527,Vincent Poirier,,Undrafted
528,Keljin Blevins,,Undrafted
529,Ty-Shon Alexander,,Undrafted
530,Brian Bowen II,,Undrafted
532,Jared Harper,,Undrafted
533,Jaylen Adams,,Undrafted
535,Theo Pinson,,Undrafted
537,Ashton Hagans,,Undrafted
538,Greg Whittington,,Undrafted
540,Will Magnay,,Undrafted
548,Brandon Williams,,Undrafted
552,Zavier Simpson,,Undrafted
556,Duane Washington Jr.,,Undrafted
557,Terry Taylor,,Undrafted
568,Malik Newman,,Undrafted
569,Lindy Waters III,,Undrafted
572,Trendon Watford,,Undrafted
574,Austin Reaves,,Undrafted
576,Braxton Key,,Undrafted
577,Olivier Sarr,,Undrafted
580,BJ Johnson,,Undrafted
584,Derrick Walton Jr.,,Undrafted
585,Hassani Gravett,,Undrafted
587,Chaundee Brown Jr.,,Undrafted
589,Jose Alvarado,,Undrafted
593,Xavier Moon,,Undrafted
595,Keifer Sykes,,Undrafted
598,Omer Yurtseven,,Undrafted
599,Jock Landale,,Undrafted
600,David Duke Jr.,,Undrafted
602,Cameron McGriff,,Undrafted
606,Trevelin Queen,,Undrafted
607,Lindell Wigginton,,Undrafted
609,Gabe York,,Undrafted
610,Mac McClung,,Undrafted
611,Micah Potter,,Undrafted
612,Scotty Hopson,,Undrafted
613,Jamorko Pickett,,Undrafted
616,Malcolm Hill,,Undrafted
619,Gabriel Lundberg,,Undrafted
620,Daishen Nix,,Undrafted
623,Javonte Smart,,Undrafted
624,Matt Ryan,,Undrafted
626,Paris Bass,,Undrafted
627,Trevon Scott,,Undrafted
629,Aleem Ford,,Undrafted
630,Sam Hauser,,Undrafted
631,Ish Wainright,,Undrafted
633,Haywood Highsmith,,Undrafted
634,Justin Champagnie,,Undrafted
638,Jeff Dowtin Jr.,,Undrafted
641,Ahmad Caver,,Undrafted
642,Craig Sword,,Undrafted
643,Jemerrio Jones,,Undrafted
647,Eugene Omoruyi,,Undrafted
649,Wayne Selden,,Undrafted
650,Kevin Pangos,,Undrafted
652,Rob Edwards,,Undrafted
655,Jordan Schakel,,Undrafted
656,Moses Wright,,Undrafted
657,Myles Powell,,Undrafted
658,Marcus Garrett,,Undrafted
659,Yves Pons,,Undrafted
661,Ruben Nembhard Jr.,,Undrafted
664,McKinley Wright IV,,Undrafted
665,Shaq Buchanan,,Undrafted
666,Carlik Jones,,Undrafted
667,Jarron Cumberland,,Undrafted
668,Jaylen Morris,,Undrafted
669,Xavier Sneed,,Undrafted
672,Aaron Henry,,Undrafted
673,Joel Ayayi,,Undrafted
675,Ade Murkey,,Undrafted
678,Cat Barber,,Undrafted
680,DeJon Jarreau,,Undrafted
681,Emanuel Terry,,Undrafted
682,Feron Hunt,,Undrafted
683,JaQuori McLaughlin,,Undrafted
684,Jaime Echenique,,Undrafted
685,Javin DeLaurier,,Undrafted
686,Jay Huff,,Undrafted
687,Jaysean Paige,,Undrafted
688,Jon Teske,,Undrafted
689,Jordan Goodwin,,Undrafted
690,MJ Walker,,Undrafted
691,Matt Mooney,,Undrafted
693,Trayvon Palmer,,Undrafted
694,Tyler Hall,,Undrafted
695,Zylan Cheatham,,Undrafted
704,Nate Williams,,Undrafted
707,Julian Champagnie,,Undrafted
716,Chance Comanche,,Undrafted
718,Simone Fontecchio,,Undrafted
719,Quenton Jackson,,Undrafted
723,Jamal Cain,,Undrafted
727,Kenneth Lofton Jr.,,Undrafted
730,Johnny Juzang,,Undrafted
733,AJ Green,,Undrafted
734,Justin Minaya,,Undrafted
735,Kevon Harris,,Undrafted
737,Dominick Barlow,,Undrafted
740,Xavier Cooks,,Undrafted
742,Darius Days,,Undrafted
743,Orlando Robinson,,Undrafted
744,A.J. Lawson,,Undrafted
746,Jared Rhoden,,Undrafted
749,Jordan Hall,,Undrafted
751,Jacob Gilyard,,Undrafted
753,Jamaree Bouyea,,Undrafted
755,Dru Smith,,Undrafted
759,Lester Quinones,,Undrafted
760,John Butler Jr.,,Undrafted
761,Scotty Pippen Jr.,,Undrafted
763,Ron Harper Jr.,,Undrafted
765,Donovan Williams,,Undrafted
766,Stanley Umude,,Undrafted
769,Trevor Hudgins,,Undrafted
770,Buddy Boeheim,,Undrafted
773,Keon Ellis,,Undrafted
776,Cole Swider,,Undrafted
777,Jack White,,Undrafted
778,Chima Moneke,,Undrafted
779,Kobi Simmons,,Undrafted
781,Dereon Seabron,,Undrafted
782,Alondes Williams,,Undrafted
783,Deonte Burton,,Undrafted
784,Michael Foster Jr.,,Undrafted
795,Duop Reath,,Undrafted
808,Javon Freeman-Liberty,,Undrafted
809,Maozinha Pereira,,Undrafted
811,Trey Jemison III,,Undrafted
813,Tosan Evbuomwan,,Undrafted
816,Craig Porter Jr.,,Undrafted
817,Dexter Dennis,,Undrafted
818,Ricky Council IV,,Undrafted
824,Taze Moore,,Undrafted
826,Adama Sanogo,,Undrafted
827,Izaiah Brockington,,Undrafted
828,Matt Hurt,,Undrafted
831,Jules Bernard,,Undrafted
833,Drew Peterson,,Undrafted
835,Collin Gillespie,,Undrafted
837,Onuralp Bitim,,Undrafted
838,Oscar Tshiebwe,,Undrafted
839,Terquavion Smith,,Undrafted
841,D.J. Carton,,Undrafted
842,Henri Drell,,Undrafted
844,Malik Williams,,Undrafted
845,Leaky Black,,Undrafted
846,Timmy Allen,,Undrafted
847,Alex Fudge,,Undrafted
848,Mouhamadou Gueye,,Undrafted
854,D'Moi Hodge,,Undrafted
856,Jordan Ford,,Undrafted
857,Markquis Nowell,,Undrafted
865,Ibou Badji,,Undrafted
866,Adam Flagler,,Undrafted
867,Colin Castleton,,Undrafted
869,Jacob Toppin,,Undrafted
870,Jermaine Samuels Jr.,,Undrafted
871,Nathan Mensah,,Undrafted
877,Pat Spencer,,Undrafted
879,Pete Nance,,Undrafted
881,Andrew Funk,,Undrafted
882,Dmytro Skapintsev,,Undrafted
883,Jalen Crutcher,,Undrafted
884,Kaiser Gates,,Undrafted
885,Malcolm Cazalon,,Undrafted
888,Tolu Smith,,Undrafted
891,Drew Timme,,Undrafted
894,Keion Brooks Jr.,,Undrafted
895,Justin Edwards,,Undrafted
907,Tyson Etienne,,Undrafted
911,Damion Baugh,,Undrafted
913,Nae'Qwan Tomlin,,Undrafted
914,Daeqwon Plowden,,Undrafted
916,Jamison Battle,,Undrafted
917,Jaylen Sims,,Undrafted
920,Marcus Bagley,,Undrafted
925,N'Faly Dante,,Undrafted
928,Keaton Wallace,,Undrafted
929,Alex Reese,,Undrafted
930,Jaylen Martin,,Undrafted
940,Branden Carlson,,Undrafted
941,Jackson Rowe,,Undrafted
944,Isaac Jones,,Undrafted
945,Elijah Harkless,,Undrafted
946,Kylor Kelley,,Undrafted
948,RayJ Dennis,,Undrafted
949,Keshad Johnson,,Undrafted
950,Reece Beekman,,Undrafted
952,Miles Norris,,Undrafted
959,Jahmir Young,,Undrafted
960,Trentyn Flowers,,Undrafted
961,PJ Hall,,Undrafted
962,Alex Ducas,,Undrafted
963,Emanuel Miller,,Undrafted
965,Yuki Kawamura,,Undrafted
966,Phillip Wheeler,,Undrafted
967,Armel Traore,,Undrafted
968,Jack McVeigh,,Undrafted
969,Jazian Gortman,,Undrafted
971,Quincy Olivari,,Undrafted
973,Trey Alexander,,Undrafted
974,Spencer Jones,,Undrafted
976,Jalen Bridges,,Undrafted
977,Daniss Jenkins,,Undrafted
979,Yuri Collins,,Undrafted
981,Isaiah Crawford,,Undrafted
984,Liam Robbins,,Undrafted
985,Cui Cui,,Undrafted
987,Malevy Leons,,Undrafted
988,Isaiah Stevens,,Undrafted
989,Jesse Edwards,,Undrafted
990,Riley Minix,,Undrafted
991,Zyon Pullin,,Undrafted
