Player_id,Player
1,Stephen Curry
2,Bradley Beal
3,Damian Lillard
4,Joel Embiid
5,Giannis Antetokounmpo
6,Luka Dončić
7,Zach LaVine
8,Zion Williamson
9,Kevin Durant
10,Kyrie Irving
11,Jayson Tatum
12,Donovan Mitchell
13,Nikola Jokić
14,Devin Booker
15,Trae Young
16,De'Aaron Fox
17,LeBron James
18,Kawhi Leonard
19,Karl-Anthony Towns
20,Jaylen Brown
21,James Harden
22,Collin Sexton
23,Julius Randle
24,Brandon Ingram
25,Shai Gilgeous-Alexander
26,Nikola Vučević
27,Paul George
28,CJ McCollum
29,Jerami Grant
30,Russell Westbrook
31,Anthony Davis
32,DeMar DeRozan
33,Jimmy Butler III
34,Pascal Siakam
35,Jamal Murray
36,Malcolm Brogdon
37,Christian Wood
38,John Wall
39,Terry Rozier
40,Khris Middleton
41,Domantas Sabonis
42,Caris LeVert
43,Kristaps Porziņģis
44,Victor Oladipo
45,Gordon Hayward
46,Fred VanVleet
47,Malik Beasley
48,Tobias Harris
49,Anthony Edwards
50,Kemba Walker
51,Ja Morant
52,Michael Porter Jr.
53,D'Angelo Russell
54,Bam Adebayo
55,Norman Powell
56,Andrew Wiggins
57,Jordan Clarkson
58,Eric Gordon
59,Jrue Holiday
60,John Collins
61,RJ Barrett
62,Darius Garland
63,Kyle Lowry
64,Dillon Brooks
65,Evan Fournier
66,Jonas Valančiūnas
67,Bojan Bogdanovic
68,Tim Hardaway Jr.
69,Kevin Porter Jr.
70,Buddy Hield
71,Chris Paul
72,Khyri Thomas
73,Bogdan Bogdanović
74,Mike Conley
75,Harrison Barnes
76,Elijah Bryant
77,OG Anunoby
78,LaMelo Ball
79,Dejounte Murray
80,Terrence Ross
81,T.J. Warren
82,Kelly Oubre Jr.
83,Dennis Schröder
84,Derrick White
85,Gary Trent Jr.
86,Clint Capela
87,Tyler Herro
88,Coby White
89,De'Andre Hunter
90,Andre Drummond
91,Devonte' Graham
92,Derrick Rose
93,Lonzo Ball
94,Kendrick Nunn
95,Deandre Ayton
96,Jaren Jackson Jr.
97,Thomas Bryant
98,Rudy Gobert
99,Ben Simmons
100,Richaun Holmes
101,Al Horford
102,Marvin Bagley III
103,Joe Harris
104,Luguentz Dort
105,Rui Hachimura
106,Darius Bazley
107,Chris Boucher
108,Lauri Markkanen
109,Doug McDermott
110,LaMarcus Aldridge
111,Kelly Olynyk
112,Montrezl Harrell
113,Mikal Bridges
114,Goran Dragic
115,Marcus Morris Sr.
116,Carmelo Anthony
117,Josh Jackson
118,Danilo Gallinari
119,Duncan Robinson
120,Marcus Smart
121,Tyrese Haliburton
122,Shake Milton
123,Markelle Fultz
124,P.J. Washington
125,Cole Anthony
126,Kyle Kuzma
127,Jarrett Allen
128,Keldon Johnson
129,Miles Bridges
130,Alec Burks
131,Will Barton
132,Jalen Brunson
133,Myles Turner
134,Seth Curry
135,Kyle Anderson
136,Aaron Gordon
137,Brook Lopez
138,Saddiq Bey
139,Eric Bledsoe
140,Kevin Love
141,Josh Richardson
142,Thaddeus Young
143,Joe Ingles
144,Jordan Poole
145,Kevin Huerter
146,Malik Monk
147,Hamidou Diallo
148,Davis Bertans
149,James Wiseman
150,Jusuf Nurkić
151,Bobby Portis
152,Immanuel Quickley
153,Rudy Gay
154,Lou Williams
155,Jae'Sean Tate
156,Cam Reddish
157,Wendell Carter Jr.
158,Naz Reid
159,Enes Freedom
160,Armoni Brooks
161,Lonnie Walker IV
162,Serge Ibaka
163,Nickeil Alexander-Walker
164,Jeff Green
165,Blake Griffin
166,Dwayne Bacon
167,Reggie Bullock Jr.
168,Oshae Brissett
169,Patty Mills
170,Cameron Oliver
171,Ty Jerome
172,Reggie Jackson
173,Grayson Allen
174,Justin Holiday
175,Donte DiVincenzo
176,Cedi Osman
177,Mason Plumlee
178,Brandon Clarke
179,Delon Wright
180,Monté Morris
181,Elfrid Payton
182,Theo Maledon
183,Jeremy Lamb
184,Jae Crowder
185,Bryn Forbes
186,Gary Harris
187,Dorian Finney-Smith
188,Frank Jackson
189,Kentavious Caldwell-Pope
190,Mike Muscala
191,Otto Porter Jr.
192,Daniel Theis
193,Isaac Okoro
194,Wayne Ellington
195,Cameron Johnson
196,Eric Paschall
197,Taurean Prince
198,Danny Green
199,Trevor Ariza
200,Cody Zeller
201,Larry Nance Jr.
202,KJ Martin
203,Landry Shamet
204,Josh Hart
205,Patrick Williams
206,David Nwaba
207,Desmond Bane
208,Furkan Korkmaz
209,De'Anthony Melton
210,Robin Lopez
211,Ivica Zubac
212,Jaylen Nowell
213,Talen Horton-Tucker
214,Paul Millsap
215,DeMarcus Cousins
216,Michael Carter-Williams
217,Bruce Brown
218,Danuel House Jr.
219,Jay Scrubb
220,Dario Šarić
221,Isaiah Roby
222,Terence Davis
223,Raul Neto
224,George Hill
225,T.J. McConnell
226,Moses Brown
227,Jakob Poeltl
228,Ricky Rubio
229,Robert Covington
230,Svi Mykhailiuk
231,Cameron Payne
232,James Ennis III
233,Gabriel Deck
234,Mitchell Robinson
235,Luke Kennard
236,Cory Joseph
237,Sterling Brown
238,Aleksej Pokusevski
239,Hassan Whiteside
240,JaMychal Green
241,Nicolas Batum
242,Robert Williams III
243,Tyrese Maxey
244,Mo Bamba
245,Kenrich Williams
246,Austin Rivers
247,Isaiah Stewart
248,Anfernee Simons
249,Willy Hernangomez
250,Chuma Okeke
251,Payton Pritchard
252,Tomas Satoransky
253,PJ Dozier
254,Mike James
255,Naji Marshall
256,D.J. Augustin
257,Isaiah Thomas
258,Ben McLemore
259,Tristan Thompson
260,Garrett Temple
261,Steven Adams
262,Edmond Sumner
263,Patrick Beverley
264,Malachi Flynn
265,Henry Ellenson
266,Jaxson Hayes
267,DeAndre Jordan
268,JJ Redick
269,Jalen Harris
270,Jalen McDaniels
271,Louis King
272,JaVale McGee
273,James Johnson
274,Juancho Hernangomez
275,Justin Jackson
276,Aaron Holiday
277,Khem Birch
278,Kent Bazemore
279,Tony Bradley
280,Dewayne Dedmon
281,Maxi Kleber
282,Draymond Green
283,Terance Mann
284,Daniel Gafford
285,Ignas Brazdeikis
286,Royce O'Neale
287,Dwight Howard
288,Georges Niang
289,R.J. Hampton
290,Moritz Wagner
291,Justise Winslow
292,Derrick Jones Jr.
293,Gorgui Dieng
294,Pat Connaughton
295,Jaden McDaniels
296,Killian Hayes
297,Jeff Teague
298,Ish Smith
299,Damyean Dotson
300,Dennis Smith Jr.
301,Markieff Morris
302,Abdel Nader
303,Spencer Dinwiddie
304,Trey Burke
305,Nic Claxton
306,Xavier Tillman
307,Alex Len
308,Frank Kaminsky
309,Denzel Valentine
310,Damion Lee
311,Nemanja Bjelica
312,Marquese Chriss
313,Chasson Randle
314,Avery Bradley
315,Alex Caruso
316,Timothe Luwawu-Cabarrot
317,Kira Lewis Jr.
318,Deni Avdija
319,Tyus Jones
320,Chimezie Metu
321,Frank Mason III
322,Robert Franks
323,Aron Baynes
324,Jaylen Hoard
325,Facundo Campazzo
326,Max Strus
327,Dakota Mathias
328,Dean Wade
329,Dwight Powell
330,Drew Eubanks
331,DeAndre' Bembry
332,Jordan Nwora
333,Rodney McGruder
334,Juan Toscano-Anderson
335,Mychal Mulder
336,Donta Hall
337,Yogi Ferrell
338,Saben Lee
339,Freddie Gillespie
340,Anthony Lamb
341,Jabari Parker
342,Garrison Mathews
343,Brad Wanamaker
344,Devin Vassell
345,Torrey Craig
346,Derrick Favors
347,Justin Patton
348,Tyler Johnson
349,Rajon Rondo
350,Jarred Vanderbilt
351,Jahlil Okafor
352,Josh Okogie
353,Taj Gibson
354,Tony Snell
355,Jarrett Culver
356,Willie Cauley-Stein
357,Glenn Robinson III
358,Mason Jones
359,Maurice Harkless
360,D.J. Wilson
361,Alize Johnson
362,Dylan Windler
363,Patrick Patterson
364,Goga Bitadze
365,Jake Layman
366,Isaiah Hartenstein
367,Sekou Doumbouya
368,Nerlens Noel
369,Marc Gasol
370,Jordan McLaughlin
371,Bismack Biyombo
372,Trey Lyles
373,Precious Achiuwa
374,Caleb Martin
375,E'Twaun Moore
376,Jerome Robinson
377,Tyler Cook
378,Brandon Goodwin
379,Gabe Vincent
380,Wesley Matthews
381,Langston Galloway
382,Aaron Nesmith
383,Troy Brown Jr.
384,Boban Marjanovic
385,Damian Jones
386,Grant Williams
387,Semi Ojeleye
388,JaKarr Sampson
389,Nassir Little
390,Onyeka Okongwu
391,Kelan Martin
392,Rodney Hood
393,Solomon Hill
394,Charlie Brown Jr.
395,Al-Farouq Aminu
396,Stanley Johnson
397,Andre Iguodala
398,Yuta Watanabe
399,Chandler Hutchison
400,John Konchar
401,Devin Cannady
402,Mike Scott
403,Jevon Carter
404,Lamar Stevens
405,Kevon Looney
406,Paul Watson
407,Nico Mannion
408,DaQuan Jeffries
409,Josh Hall
410,Obi Toppin
411,Darius Miller
412,Chris Chiozza
413,Jordan Bone
414,Udonis Haslem
415,Cody Martin
416,Carsen Edwards
417,Matisse Thybulle
418,Brodric Thomas
419,Kevin Knox II
420,Justin James
421,Danté Exum
422,Ersan Ilyasova
423,Tremont Waters
424,Nathan Knight
425,Skylar Mays
426,Thon Maker
427,Isaiah Joe
428,P.J. Tucker
429,Luka Samanic
430,Javonte Green
431,Wenyen Gabriel
432,Luke Kornet
433,Paul Reed
434,Meyers Leonard
435,Quinn Cook
436,Zeke Nnaji
437,Amir Coffey
438,Killian Tillie
439,Mamadi Diakite
440,Alfonzo McKinnie
441,Romeo Langford
442,Ryan Arcidiacono
443,Matt Thomas
444,Anthony Gill
445,Jahmi'us Ramsey
446,Gary Clark
447,Cam Reynolds
448,Reggie Perry
449,Nicolo Melli
450,Sam Merrill
451,Trent Forrest
452,Thanasis Antetokounmpo
453,Harry Giles III
454,Markus Howard
455,Bruno Caboclo
456,Kyle Guy
457,Matthew Dellavedova
458,Frank Ntilikina
459,Didi Louzada
460,Keita Bates-Diop
461,Amida Brimah
462,Anderson Varejao
463,Josh Green
464,Grant Riller
465,Tre Jones
466,Gary Payton II
467,Jordan Bell
468,KZ Okpala
469,Tacko Fall
470,Rondae Hollis-Jefferson
471,Jeremiah Martin
472,Mfiondu Kabengele
473,Rayjon Tucker
474,Vernon Carey Jr.
475,Wes Iwundu
476,Justin Robinson
477,Quinndary Weatherspoon
478,Jarrell Brantley
479,CJ Elleby
480,Sean McDermott
481,Bol Bol
482,Shaquille Harrison
483,Chris Silva
484,Devon Dotson
485,Ed Davis
486,Vlatko Čančar
487,Deividas Sirvydis
488,Jontay Porter
489,Ray Spalding
490,Jalen Smith
491,Nate Hinton
492,Sindarius Thornwell
493,Devontae Cacok
494,Isaac Bonga
495,Miye Oni
496,Alen Smailagic
497,Cassius Winston
498,Daniel Oturu
499,Axel Toupane
500,Elijah Hughes
501,T.J. Leaf
502,James Nunnally
503,Tim Frazier
504,Anthony Tolliver
505,Bruno Fernando
506,Norvel Pelle
507,Robert Woodard II
508,Cassius Stanley
509,Rodions Kurucs
510,Nate Darling
511,Cristiano Felicio
512,Jalen Lecque
513,Kris Dunn
514,Juwan Morgan
515,Andre Roberson
516,Marques Bolden
517,Karim Mane
518,Adam Mokoka
519,Udoka Azubuike
520,Iman Shumpert
521,Malik Fitts
522,Patrick McCaw
523,Tyler Bey
524,Tyrell Terry
525,Nick Richards
526,Kostas Antetokounmpo
527,Vincent Poirier
528,Keljin Blevins
529,Ty-Shon Alexander
530,Brian Bowen II
531,Jared Dudley
532,Jared Harper
533,Jaylen Adams
534,Terrance Ferguson
535,Theo Pinson
536,Anžejs Pasečņiks
537,Ashton Hagans
538,Greg Whittington
539,Noah Vonleh
540,Will Magnay
541,Klay Thompson
542,Cade Cunningham
543,Jalen Green
544,Scottie Barnes
545,Franz Wagner
546,Evan Mobley
547,Chris Duarte
548,Brandon Williams
549,Josh Giddey
550,Jalen Suggs
551,Davion Mitchell
552,Zavier Simpson
553,Melvin Frazier Jr.
554,Tre Mann
555,Bones Hyland
556,Duane Washington Jr.
557,Terry Taylor
558,Alperen Sengun
559,Herbert Jones
560,Jonathan Kuminga
561,Ayo Dosunmu
562,Cam Thomas
563,Lance Stephenson
564,Aaron Wiggins
565,Isaiah Jackson
566,Corey Kispert
567,Ziaire Williams
568,Malik Newman
569,Lindy Waters III
570,Josh Christopher
571,Zach Collins
572,Trendon Watford
573,Jeremiah Robinson-Earl
574,Austin Reaves
575,Keon Johnson
576,Braxton Key
577,Olivier Sarr
578,Brandon Boston
579,Georgios Kalaitzakis
580,BJ Johnson
581,Brandon Knight
582,Justin Anderson
583,Isaiah Livers
584,Derrick Walton Jr.
585,Hassani Gravett
586,Vít Krejčí
587,Chaundee Brown Jr.
588,Day'Ron Sharpe
589,Jose Alvarado
590,Quentin Grimes
591,Kessler Edwards
592,Luka Garza
593,Xavier Moon
594,Joshua Primo
595,Keifer Sykes
596,Greg Monroe
597,Trey Murphy III
598,Omer Yurtseven
599,Jock Landale
600,David Duke Jr.
601,Greg Brown III
602,Cameron McGriff
603,James Bouknight
604,Moses Moody
605,Davon Reed
606,Trevelin Queen
607,Lindell Wigginton
608,Santi Aldama
609,Gabe York
610,Mac McClung
611,Micah Potter
612,Scotty Hopson
613,Jamorko Pickett
614,Admiral Schofield
615,Jared Butler
616,Malcolm Hill
617,Sandro Mamukelashvili
618,Cheick Diallo
619,Gabriel Lundberg
620,Daishen Nix
621,Dalano Banton
622,Charles Bassey
623,Javonte Smart
624,Matt Ryan
625,Neemias Queta
626,Paris Bass
627,Trevon Scott
628,Tyrone Wallace
629,Aleem Ford
630,Sam Hauser
631,Ish Wainright
632,Jalen Johnson
633,Haywood Highsmith
634,Justin Champagnie
635,Nik Stauskas
636,Miles McBride
637,Jericho Sims
638,Jeff Dowtin Jr.
639,Joe Wieskamp
640,JT Thor
641,Ahmad Caver
642,Craig Sword
643,Jemerrio Jones
644,Joe Johnson
645,Usman Garuba
646,Marko Simonovic
647,Eugene Omoruyi
648,Isaiah Todd
649,Wayne Selden
650,Kevin Pangos
651,Emmanuel Mudiay
652,Rob Edwards
653,Leandro Bolmaro
654,Darren Collison
655,Jordan Schakel
656,Moses Wright
657,Myles Powell
658,Marcus Garrett
659,Yves Pons
660,Petr Cornelie
661,Ruben Nembhard Jr.
662,Kai Jones
663,Jaden Springer
664,McKinley Wright IV
665,Shaq Buchanan
666,Carlik Jones
667,Jarron Cumberland
668,Jaylen Morris
669,Xavier Sneed
670,Sharife Cooper
671,Scottie Lewis
672,Aaron Henry
673,Joel Ayayi
674,George King
675,Ade Murkey
676,Arnoldas Kulboka
677,CJ Miles
678,Cat Barber
679,David Johnson
680,DeJon Jarreau
681,Emanuel Terry
682,Feron Hunt
683,JaQuori McLaughlin
684,Jaime Echenique
685,Javin DeLaurier
686,Jay Huff
687,Jaysean Paige
688,Jon Teske
689,Jordan Goodwin
690,MJ Walker
691,Matt Mooney
692,Sam Dekker
693,Trayvon Palmer
694,Tyler Hall
695,Zylan Cheatham
696,Paolo Banchero
697,Bennedict Mathurin
698,Jaden Ivey
699,RaiQuan Gray
700,Jalen Williams
701,Jabari Smith Jr.
702,Keegan Murray
703,Jeremy Sochan
704,Nate Williams
705,Malaki Branham
706,Shaedon Sharpe
707,Julian Champagnie
708,Andrew Nembhard
709,Tari Eason
710,Walker Kessler
711,Jalen Duren
712,Mark Williams
713,AJ Griffin
714,Jaden Hardy
715,Ochai Agbaji
716,Chance Comanche
717,David Roddy
718,Simone Fontecchio
719,Quenton Jackson
720,Jaylin Williams
721,Johnny Davis
722,Nikola Jović
723,Jamal Cain
724,Bryce McGowens
725,MarJon Beauchamp
726,Jonathan Isaac
727,Kenneth Lofton Jr.
728,Blake Wesley
729,Ousmane Dieng
730,Johnny Juzang
731,Christian Braun
732,TyTy Washington Jr.
733,AJ Green
734,Justin Minaya
735,Kevon Harris
736,Patrick Baldwin Jr.
737,Dominick Barlow
738,Jabari Walker
739,Dyson Daniels
740,Xavier Cooks
741,Caleb Houstan
742,Darius Days
743,Orlando Robinson
744,A.J. Lawson
745,Peyton Watson
746,Jared Rhoden
747,Christian Koloko
748,Max Christie
749,Jordan Hall
750,Josh Minott
751,Jacob Gilyard
752,Jake LaRavia
753,Jamaree Bouyea
754,Tyler Dorsey
755,Dru Smith
756,Jason Preston
757,Moussa Diabaté
758,Isaiah Mobley
759,Lester Quinones
760,John Butler Jr.
761,Scotty Pippen Jr.
762,Dalen Terry
763,Ron Harper Jr.
764,Kennedy Chandler
765,Donovan Williams
766,Stanley Umude
767,Vince Williams Jr.
768,Ryan Rollins
769,Trevor Hudgins
770,Buddy Boeheim
771,JD Davison
772,Kendall Brown
773,Keon Ellis
774,Wendell Moore Jr.
775,Tyrese Martin
776,Cole Swider
777,Jack White
778,Chima Moneke
779,Kobi Simmons
780,Trevor Keels
781,Dereon Seabron
782,Alondes Williams
783,Deonte Burton
784,Michael Foster Jr.
785,Victor Wembanyama
786,Brandon Miller
787,Chet Holmgren
788,GG Jackson
789,Scoot Henderson
790,Keyonte George
791,Cam Whitmore
792,Jaime Jaquez Jr.
793,Amen Thompson
794,Brandin Podziemski
795,Duop Reath
796,Ausar Thompson
797,Dereck Lively II
798,Gradey Dick
799,Tristan Vukcevic
800,Bilal Coulibaly
801,Marcus Sasser
802,Trayce Jackson-Davis
803,Jordan Hawkins
804,Brice Sensabaugh
805,Toumani Camara
806,Taylor Hendricks
807,Vasilije Micic
808,Javon Freeman-Liberty
809,Maozinha Pereira
810,Cason Wallace
811,Trey Jemison III
812,Kris Murray
813,Tosan Evbuomwan
814,Nick Smith Jr.
815,Noah Clowney
816,Craig Porter Jr.
817,Dexter Dennis
818,Ricky Council IV
819,Sasha Vezenkov
820,Jalen Wilson
821,Kobe Bufkin
822,Anthony Black
823,Julian Strawther
824,Taze Moore
825,Ben Sheppard
826,Adama Sanogo
827,Izaiah Brockington
828,Matt Hurt
829,Mouhamed Gueye
830,Rayan Rupert
831,Jules Bernard
832,Sidy Cissoko
833,Drew Peterson
834,Jarace Walker
835,Collin Gillespie
836,Gui Santos
837,Onuralp Bitim
838,Oscar Tshiebwe
839,Terquavion Smith
840,Olivier-Maxence Prosper
841,D.J. Carton
842,Henri Drell
843,Emoni Bates
844,Malik Williams
845,Leaky Black
846,Timmy Allen
847,Alex Fudge
848,Mouhamadou Gueye
849,Amari Bailey
850,Julian Phillips
851,Andre Jackson Jr.
852,Colby Jones
853,Kobe Brown
854,D'Moi Hodge
855,Isaiah Wong
856,Jordan Ford
857,Markquis Nowell
858,Leonard Miller
859,Jordan Walsh
860,Jordan Miller
861,Jalen Hood-Schifino
862,Jett Howard
863,Jalen Pickett
864,Seth Lundy
865,Ibou Badji
866,Adam Flagler
867,Colin Castleton
868,Dariq Whitehead
869,Jacob Toppin
870,Jermaine Samuels Jr.
871,Nathan Mensah
872,Chris Livingston
873,Keyontae Johnson
874,Hunter Tyson
875,Filip Petrusev
876,Jalen Slawson
877,Pat Spencer
878,E.J. Liddell
879,Pete Nance
880,Maxwell Lewis
881,Andrew Funk
882,Dmytro Skapintsev
883,Jalen Crutcher
884,Kaiser Gates
885,Malcolm Cazalon
886,Jared McCain
887,Stephon Castle
888,Tolu Smith
889,Alex Sarr
890,Zaccharie Risacher
891,Drew Timme
892,Guerschon Yabusele
893,Jaylen Wells
894,Keion Brooks Jr.
895,Justin Edwards
896,Bub Carrington
897,Kyle Filipowski
898,Kel'el Ware
899,Zach Edey
900,Yves Missi
901,Dalton Knecht
902,Kyshawn George
903,Isaiah Collier
904,Ja'Kobe Walter
905,Matas Buzelis
906,Quinten Post
907,Tyson Etienne
908,KJ Simpson
909,Karlo Matković
910,AJ Johnson
911,Damion Baugh
912,Tristan da Silva
913,Nae'Qwan Tomlin
914,Daeqwon Plowden
915,Jamal Shead
916,Jamison Battle
917,Jaylen Sims
918,Antonio Reeves
919,Ryan Dunn
920,Marcus Bagley
921,Donovan Clingan
922,Ajay Mitchell
923,Ronald Holland II
924,Jonathan Mogbo
925,N'Faly Dante
926,Tidjane Salaün
927,Adem Bona
928,Keaton Wallace
929,Alex Reese
930,Jaylen Martin
931,Cody Williams
932,Pelle Larsson
933,Rob Dillingham
934,Reed Sheppard
935,Terrence Shannon Jr.
936,Cam Spencer
937,Oso Ighodaro
938,Jaylen Clark
939,Devin Carter
940,Branden Carlson
941,Jackson Rowe
942,Baylor Scheierman
943,Jaylon Tyson
944,Isaac Jones
945,Elijah Harkless
946,Kylor Kelley
947,Tyler Smith
948,RayJ Dennis
949,Keshad Johnson
950,Reece Beekman
951,Dillon Jones
952,Miles Norris
953,Bronny James
954,Enrique Freeman
955,Johnny Furphy
956,Tyler Kolek
957,Ariel Hukporti
958,Bobi Klintman
959,Jahmir Young
960,Trentyn Flowers
961,PJ Hall
962,Alex Ducas
963,Emanuel Miller
964,Pacôme Dadiet
965,Yuki Kawamura
966,Phillip Wheeler
967,Armel Traore
968,Jack McVeigh
969,Jazian Gortman
970,Kevin McCullar Jr.
971,Quincy Olivari
972,Cam Christie
973,Trey Alexander
974,Spencer Jones
975,Skal Labissiere
976,Jalen Bridges
977,Daniss Jenkins
978,Luke Travers
979,Yuri Collins
980,Anton Watson
981,Isaiah Crawford
982,Harrison Ingram
983,Ulrich Chomche
984,Liam Robbins
985,Cui Cui
986,Tristen Newton
987,Malevy Leons
988,Isaiah Stevens
989,Jesse Edwards
990,Riley Minix
991,Zyon Pullin
